Series Name,Series Code,Country Name,Country Code,2000 [YR2000],2001 [YR2001],2002 [YR2002],2003 [YR2003],2004 [YR2004],2005 [YR2005],2006 [YR2006],2007 [YR2007],2008 [YR2008],2009 [YR2009],2010 [YR2010],2011 [YR2011],2012 [YR2012],2013 [YR2013],2014 [YR2014],2015 [YR2015],2016 [YR2016],2017 [YR2017],2018 [YR2018],2019 [YR2019],2020 [YR2020],2021 [YR2021],2022 [YR2022],2023 [YR2023]
"Mortality rate, infant (per 1,000 live births)",SP.DYN.IMRT.IN,Afghanistan,AFG,92,89.3,86.6,83.7,80.9,78,75.1,72.3,69.6,67,64.6,62.3,60.1,58.1,56.2,54.6,53,51.5,50.1,48.8,47.4,46.1,44.8,..
"Mortality rate, infant (per 1,000 live births)",SP.DYN.IMRT.IN,Albania,ALB,24,22.9,21.6,20.4,19.1,17.8,16.5,15.3,14.1,12.9,11.9,10.8,10,9.3,8.8,8.5,8.4,8.3,8.3,8.3,8.4,8.4,8.4,..
"Mortality rate, infant (per 1,000 live births)",SP.DYN.IMRT.IN,Algeria,DZA,35.6,34.3,33,31.6,30.3,29,27.8,26.6,25.6,24.7,23.9,23.3,22.8,22.4,22,21.7,21.4,21,20.6,20.1,19.7,19.2,18.7,..
"Mortality rate, infant (per 1,000 live births)",SP.DYN.IMRT.IN,American Samoa,ASM,..,..,..,..,..,..,..,..,..,..,..,..,..,..,..,..,..,..,..,..,..,..,..,..
"Mortality rate, infant (per 1,000 live births)",SP.DYN.IMRT.IN,Andorra,AND,6.5,6.3,6,5.8,5.6,5.3,5.1,4.9,4.7,4.4,4.3,4.1,3.9,3.7,3.5,3.4,3.2,3.1,3,2.9,2.8,2.7,2.6,..
"Mortality rate, infant (per 1,000 live births)",SP.DYN.IMRT.IN,Angola,AGO,120.7,117.5,113.7,109.5,104.9,100.2,95.1,90,85,80,75.5,71,66.9,63.3,60.3,57.6,55.4,53.4,51.6,49.9,48.4,47,45.7,..
"Mortality rate, infant (per 1,000 live births)",SP.DYN.IMRT.IN,Antigua and Barbuda,ATG,12.2,12,11.7,11.5,11.2,11,10.8,10.5,10.3,10.1,10,9.8,9.6,9.5,9.4,9.2,9.1,9,8.8,8.7,8.5,8.3,8.1,..
"Mortality rate, infant (per 1,000 live births)",SP.DYN.IMRT.IN,Argentina,ARG,17.3,16.8,16.4,15.9,15.4,15,14.5,14.1,13.8,13.4,12.9,12.4,11.9,11.4,10.9,10.5,10.1,9.8,9.5,9.2,8.9,8.6,8.4,..
"Mortality rate, infant (per 1,000 live births)",SP.DYN.IMRT.IN,Armenia,ARM,27,25.7,24.6,23.4,22.3,21.2,20.2,19.2,18.3,17.4,16.6,15.8,15,14.3,13.6,12.9,12.3,11.7,11.1,10.6,10.1,9.6,9.2,..
"Mortality rate, infant (per 1,000 live births)",SP.DYN.IMRT.IN,Aruba,ABW,..,..,..,..,..,..,..,..,..,..,..,..,..,..,..,..,..,..,..,..,..,..,..,..
"Mortality rate, infant (per 1,000 live births)",SP.DYN.IMRT.IN,Australia,AUS,5.1,5,5,4.9,4.8,4.8,4.7,4.5,4.4,4.2,4,3.8,3.6,3.5,3.4,3.3,3.2,3.2,3.2,3.2,3.2,3.2,3.2,..
"Mortality rate, infant (per 1,000 live births)",SP.DYN.IMRT.IN,Austria,AUT,4.6,4.5,4.4,4.3,4.2,4.1,4,3.9,3.8,3.7,3.6,3.5,3.3,3.2,3.1,3.1,3,3,2.9,2.9,2.8,2.7,2.6,..
"Mortality rate, infant (per 1,000 live births)",SP.DYN.IMRT.IN,Azerbaijan,AZE,61,57.2,53.6,50.3,47.1,44.3,41.7,39.3,37,34.8,32.7,30.7,28.8,26.9,25.2,23.6,22,20.6,19.4,18.4,17.6,16.8,16.1,..
"Mortality rate, infant (per 1,000 live births)",SP.DYN.IMRT.IN,"Bahamas, The",BHS,13.8,13.9,14.1,14.3,14.4,14.4,14.3,14.2,13.9,13.6,13.3,13,12.7,12.4,12.2,12,11.9,11.8,11.7,15.4,11.5,11.3,11.2,..
"Mortality rate, infant (per 1,000 live births)",SP.DYN.IMRT.IN,Bahrain,BHR,10.7,10.3,10,9.7,9.4,9.1,8.8,8.5,8.1,7.8,7.4,7.2,7,6.8,6.6,6.5,6.4,6.2,6.1,6,5.9,5.7,5.6,..
"Mortality rate, infant (per 1,000 live births)",SP.DYN.IMRT.IN,Bangladesh,BGD,63,59.9,57,54.3,51.7,49.3,47,44.8,42.7,40.7,38.9,37.2,35.6,34.1,32.7,31.4,30.1,28.9,27.8,26.7,25.7,24.9,24.1,..
"Mortality rate, infant (per 1,000 live births)",SP.DYN.IMRT.IN,Barbados,BRB,13.4,13.6,13.8,14,14.1,14.1,14,13.8,13.6,13.5,13.3,13.1,13,12.8,12.6,12.4,12.1,11.7,11.4,11.1,10.7,10.4,10.1,..
"Mortality rate, infant (per 1,000 live births)",SP.DYN.IMRT.IN,Belarus,BLR,10,9.2,8.5,7.9,7.3,6.7,6.2,5.6,5.1,4.7,4.3,4,3.7,3.5,3.3,3.1,2.9,2.7,2.5,2.4,2.2,2,1.9,..
"Mortality rate, infant (per 1,000 live births)",SP.DYN.IMRT.IN,Belgium,BEL,4.9,4.7,4.5,4.4,4.3,4.1,4,3.9,3.8,3.8,3.7,3.6,3.5,3.5,3.4,3.4,3.4,3.3,3.3,3.3,3.2,3.1,3.1,..
"Mortality rate, infant (per 1,000 live births)",SP.DYN.IMRT.IN,Belize,BLZ,20.6,19.9,19.3,18.7,18.3,17.8,17.4,17.1,16.8,16.4,16.1,15.6,15.2,14.7,14.1,13.5,12.9,12.2,11.6,11.1,10.5,9.9,9.4,..
"Mortality rate, infant (per 1,000 live births)",SP.DYN.IMRT.IN,Benin,BEN,84.7,83,81.2,79.5,77.9,76.3,74.8,73.4,72,70.7,69.4,68.1,66.8,65.5,64.3,63,61.8,60.5,59.2,57.9,56.4,55,53.6,..
"Mortality rate, infant (per 1,000 live births)",SP.DYN.IMRT.IN,Bermuda,BMU,..,..,..,..,..,..,..,..,..,..,..,..,..,..,..,..,..,..,..,..,..,..,..,..
"Mortality rate, infant (per 1,000 live births)",SP.DYN.IMRT.IN,Bhutan,BTN,58.4,55.6,52.7,49.9,47.1,44.4,41.7,39.3,36.9,34.6,32.6,30.7,29.1,27.8,26.6,25.5,24.6,23.6,22.9,22.1,21.4,20.7,20.1,..
"Mortality rate, infant (per 1,000 live births)",SP.DYN.IMRT.IN,Bolivia,BOL,55.9,53.2,50.5,48,45.6,43.3,41.1,39,37,35.1,33.3,31.6,30,28.5,27,25.8,24.7,23.6,22.7,21.8,21,20.3,19.6,..
"Mortality rate, infant (per 1,000 live births)",SP.DYN.IMRT.IN,Bosnia and Herzegovina,BIH,8.5,8,7.5,7.1,6.8,6.5,6.3,6.2,6.1,6,5.8,5.7,5.7,5.6,5.5,5.5,5.5,5.5,5.5,5.5,5.4,5.3,5.2,..
"Mortality rate, infant (per 1,000 live births)",SP.DYN.IMRT.IN,Botswana,BWA,38.3,37.5,38.1,39.5,41,39.9,41,44.1,45.7,45.3,45.6,46.2,42.2,40.4,40.3,38.9,38.1,35.4,34.3,33.5,32.7,32.1,31.2,..
"Mortality rate, infant (per 1,000 live births)",SP.DYN.IMRT.IN,Brazil,BRA,30.3,28.5,26.7,25,23.5,22,20.6,19.4,18.4,17.4,16.6,16,15.4,14.9,14.5,14.2,15,13.7,13.4,13.2,13,12.8,12.5,..
"Mortality rate, infant (per 1,000 live births)",SP.DYN.IMRT.IN,British Virgin Islands,VGB,14.4,14.2,14.1,13.9,13.8,13.8,13.7,13.6,13.6,13.6,13.6,13.7,13.7,13.7,13.7,13.6,13.4,13.1,12.8,12.5,12.3,12,11.6,..
"Mortality rate, infant (per 1,000 live births)",SP.DYN.IMRT.IN,Brunei Darussalam,BRN,8.4,8.2,8,7.9,7.9,7.8,7.9,7.9,8,8.1,8.1,8.2,8.3,8.4,8.5,8.5,8.5,8.6,8.6,8.6,8.6,8.6,8.5,..
"Mortality rate, infant (per 1,000 live births)",SP.DYN.IMRT.IN,Bulgaria,BGR,14.4,13.8,13.2,12.5,11.8,11,10.4,9.9,9.6,9.3,9,8.7,8.2,7.7,7.3,6.8,6.4,6.1,5.8,5.6,5.4,5.2,5,..
"Mortality rate, infant (per 1,000 live births)",SP.DYN.IMRT.IN,Burkina Faso,BFA,90.5,88.9,87.2,85.2,82.9,80.4,77.7,75.1,72.5,70.2,68,66,64.2,62.5,61,59.4,57.9,56.5,55.1,53.8,52.5,51.2,50.1,..
"Mortality rate, infant (per 1,000 live births)",SP.DYN.IMRT.IN,Burundi,BDI,94.4,91.6,88.6,85.4,81.9,78.1,74.1,70,66.2,62.6,59.2,56.1,53.2,50.5,48.1,46,44.1,42.5,41.1,39.8,38.6,37.5,36.4,..
"Mortality rate, infant (per 1,000 live births)",SP.DYN.IMRT.IN,Cabo Verde,CPV,28.4,26.1,24.4,23.4,22.9,22.8,22.8,22.8,22.6,22.1,21.4,20.5,19.4,18.2,16.9,15.7,14.6,13.7,12.8,12.1,11.5,11,10.6,..
"Mortality rate, infant (per 1,000 live births)",SP.DYN.IMRT.IN,Cambodia,KHM,79,73.4,67.3,61.7,56.9,52.9,49.4,46.3,43.2,40.2,37.3,34.6,32.2,30.2,28.6,27.1,25.9,24.7,23.6,22.7,21.9,21.1,20.3,..
"Mortality rate, infant (per 1,000 live births)",SP.DYN.IMRT.IN,Cameroon,CMR,87.8,86,84,81.9,79.9,78.3,76.4,74.8,72.9,71.3,68.8,66.8,64.5,62,60.1,57.8,56.2,54.3,52.7,51.4,49.9,48.3,47,..
"Mortality rate, infant (per 1,000 live births)",SP.DYN.IMRT.IN,Canada,CAN,5.3,5.3,5.3,5.3,5.3,5.2,5.2,5.1,5.1,5,5,4.9,4.8,4.8,4.7,4.7,4.6,4.6,4.5,4.5,4.5,4.4,4.3,..
"Mortality rate, infant (per 1,000 live births)",SP.DYN.IMRT.IN,Cayman Islands,CYM,..,..,..,..,..,..,..,..,..,..,..,..,..,..,..,..,..,..,..,..,..,..,..,..
"Mortality rate, infant (per 1,000 live births)",SP.DYN.IMRT.IN,Central African Republic,CAF,108,106.7,105.3,103.6,101.8,100,97.7,95.8,94.1,92.2,90.5,88.8,87.3,86.4,84.8,83.3,82,81.2,79.9,78.3,76.9,75.1,73.5,..
"Mortality rate, infant (per 1,000 live births)",SP.DYN.IMRT.IN,Chad,TCD,99.8,98.3,96.8,95.4,93.9,92.4,90.8,89.2,87.5,85.7,84,82.3,80.6,78.9,77.3,75.7,74.1,72.4,70.6,69,67.3,65.7,64.1,..
"Mortality rate, infant (per 1,000 live births)",SP.DYN.IMRT.IN,Channel Islands,CHI,..,..,..,..,..,..,..,..,..,..,..,..,..,..,..,..,..,..,..,..,..,..,..,..
"Mortality rate, infant (per 1,000 live births)",SP.DYN.IMRT.IN,Chile,CHL,9.3,8.7,8.4,8.1,7.9,7.8,7.7,7.6,7.6,7.6,7.5,7.3,7.2,7.1,7,6.8,6.7,6.6,6.4,6.2,5.9,5.7,5.4,..
"Mortality rate, infant (per 1,000 live births)",SP.DYN.IMRT.IN,China,CHN,29.9,27.8,25.7,23.5,21.4,19.4,17.7,16.1,14.8,13.6,12.5,11.5,10.5,9.7,8.9,8.2,7.6,7,6.4,6,5.5,5.1,4.8,..
"Mortality rate, infant (per 1,000 live births)",SP.DYN.IMRT.IN,Colombia,COL,21.2,20.6,20,19.4,18.9,18.3,17.8,17.3,16.8,16.2,15.7,15.2,14.8,14.3,13.8,13.4,13,12.6,12.2,11.8,11.4,11,10.6,..
"Mortality rate, infant (per 1,000 live births)",SP.DYN.IMRT.IN,Comoros,COM,69.7,68.2,66.8,65.4,63.8,62.3,60.7,59.2,57.6,56.1,54.6,53.1,51.6,50.2,48.8,47.3,45.7,44.3,42.9,41.7,40.5,39.3,38.2,..
"Mortality rate, infant (per 1,000 live births)",SP.DYN.IMRT.IN,"Congo, Dem. Rep.",COD,106.3,104.2,102,99.8,97.5,95.2,92.8,90.4,88,85.7,83.4,81.2,78.9,76.7,74.6,72.8,70.9,69.1,67.2,65.4,63.6,61.9,60.1,..
"Mortality rate, infant (per 1,000 live births)",SP.DYN.IMRT.IN,"Congo, Rep.",COG,72,70.3,67.6,64.3,60.5,56.7,53.1,49.8,47,44.9,43.2,41.9,40.8,39.8,38.8,37.8,36.7,35.7,34.8,35.9,33,32.1,31.2,..
"Mortality rate, infant (per 1,000 live births)",SP.DYN.IMRT.IN,Costa Rica,CRI,11.1,10.5,10.2,10,9.9,9.8,9.7,9.6,9.5,9.4,9.2,8.9,8.6,8.2,7.9,7.7,7.6,7.5,7.3,7.2,7,6.9,6.9,..
"Mortality rate, infant (per 1,000 live births)",SP.DYN.IMRT.IN,Cote d'Ivoire,CIV,94.3,92.3,90.1,87.9,85.7,83.3,81.2,78.8,76.5,74.3,72.3,70.5,68.6,66.6,64.7,62.9,61.5,60,58.5,56.7,55.3,53.8,52.4,..
"Mortality rate, infant (per 1,000 live births)",SP.DYN.IMRT.IN,Croatia,HRV,7.2,6.9,6.6,6.3,6,5.8,5.5,5.3,5,4.8,4.7,4.5,4.4,4.3,4.2,4.2,4.1,4.1,4,4,4,3.9,3.9,..
"Mortality rate, infant (per 1,000 live births)",SP.DYN.IMRT.IN,Cuba,CUB,6.9,6.6,6.3,6.1,5.9,5.6,5.4,5.3,5.1,5,4.9,4.8,4.8,4.7,4.8,4.8,4.9,5,5.2,5.4,5.6,5.9,6.2,..
"Mortality rate, infant (per 1,000 live births)",SP.DYN.IMRT.IN,Curacao,CUW,..,..,..,..,..,..,..,..,..,..,..,..,..,..,..,..,..,..,..,..,..,..,..,..
"Mortality rate, infant (per 1,000 live births)",SP.DYN.IMRT.IN,Cyprus,CYP,5.6,5.2,4.9,4.5,4.2,3.9,3.7,3.4,3.2,3,2.8,2.6,2.5,2.4,2.4,2.4,2.4,2.4,2.5,2.5,2.6,2.7,2.7,..
"Mortality rate, infant (per 1,000 live births)",SP.DYN.IMRT.IN,Czechia,CZE,4.5,4.3,4.1,3.9,3.7,3.6,3.4,3.2,3,2.9,2.7,2.6,2.6,2.5,2.5,2.6,2.6,2.6,2.5,2.4,2.3,2.2,2.1,..
"Mortality rate, infant (per 1,000 live births)",SP.DYN.IMRT.IN,Denmark,DNK,4.7,4.6,4.5,4.4,4.2,4.1,3.9,3.8,3.6,3.6,3.5,3.5,3.5,3.5,3.5,3.5,3.5,3.4,3.4,3.3,3.2,3.1,3.1,..
"Mortality rate, infant (per 1,000 live births)",SP.DYN.IMRT.IN,Djibouti,DJI,79,77.4,75.8,74.1,72.5,70.7,69,67.2,65.5,63.7,62,60.4,58.8,57.2,55.7,54.2,52.7,51,49.7,48.3,46.8,45.5,44.1,..
"Mortality rate, infant (per 1,000 live births)",SP.DYN.IMRT.IN,Dominica,DMA,15.7,16.1,16.5,17,17.5,18.1,18.7,19.3,20,20.7,21.5,22.3,23.1,23.9,24.8,25.6,26.5,27.3,28.1,28.9,29.6,30.3,30.8,..
"Mortality rate, infant (per 1,000 live births)",SP.DYN.IMRT.IN,Dominican Republic,DOM,32.3,31.6,31,30.5,30.1,29.7,29.4,29.2,29.1,29,28.9,28.8,28.8,28.8,28.8,28.8,28.9,28.8,28.7,28.4,27.9,27.4,26.8,..
"Mortality rate, infant (per 1,000 live births)",SP.DYN.IMRT.IN,Ecuador,ECU,24.6,23.4,22.4,21.5,20.6,19.9,19.1,18.4,17.6,16.9,16.2,15.5,14.8,14.2,13.7,13.2,12.7,12.4,12,11.6,11.2,10.8,10.5,..
"Mortality rate, infant (per 1,000 live births)",SP.DYN.IMRT.IN,"Egypt, Arab Rep.",EGY,37.2,35.3,33.6,32,30.6,29.4,28.2,27.1,26,25,24,23,22.1,21.3,20.5,19.7,19.1,18.4,17.8,17.2,16.6,16,15.5,..
"Mortality rate, infant (per 1,000 live births)",SP.DYN.IMRT.IN,El Salvador,SLV,27.3,25.9,24.6,23.3,22.2,21.1,20,19.1,18.1,17.2,16.4,15.7,14.9,14.3,13.7,13.2,12.7,12.2,11.8,11.3,11,10.6,10.2,..
"Mortality rate, infant (per 1,000 live births)",SP.DYN.IMRT.IN,Equatorial Guinea,GNQ,106.9,104.3,101.6,98.9,96.1,93.2,90.3,87.3,84.4,81.7,79,76.7,74.4,72.1,69.9,67.8,65.8,64,62,60.1,58.4,56.7,55.1,..
"Mortality rate, infant (per 1,000 live births)",SP.DYN.IMRT.IN,Eritrea,ERI,56.3,53.9,51.8,49.8,47.9,46.2,44.6,43.1,41.7,40.3,39.1,38,37,36,35,34.1,33.1,32.2,31.4,30.5,29.7,28.9,28,..
"Mortality rate, infant (per 1,000 live births)",SP.DYN.IMRT.IN,Estonia,EST,8.7,8,7.3,6.7,6.2,5.6,5.1,4.7,4.3,3.9,3.6,3.3,3.1,2.8,2.6,2.4,2.3,2.1,1.9,1.8,1.7,1.5,1.5,..
"Mortality rate, infant (per 1,000 live births)",SP.DYN.IMRT.IN,Ethiopia,ETH,87.4,84,80.5,77,73.4,69.8,66.4,63.1,60.1,57.2,54.6,52.1,49.7,47.5,45.5,43.6,41.8,40.1,38.6,37.3,36.1,35,33.9,..
"Mortality rate, infant (per 1,000 live births)",SP.DYN.IMRT.IN,Faroe Islands,FRO,..,..,..,..,..,..,..,..,..,..,..,..,..,..,..,..,..,..,..,..,..,..,..,..
"Mortality rate, infant (per 1,000 live births)",SP.DYN.IMRT.IN,Fiji,FJI,19.3,19.2,19.3,19.4,19.6,19.8,19.9,19.9,19.7,19.3,18.9,18.4,18.1,17.9,17.9,18.2,18.7,19.5,20.5,21.6,22.6,23.3,23.6,..
"Mortality rate, infant (per 1,000 live births)",SP.DYN.IMRT.IN,Finland,FIN,3.5,3.4,3.3,3.3,3.2,3.1,3,2.8,2.7,2.6,2.5,2.3,2.2,2.2,2.1,2,2,1.9,1.9,1.9,1.9,1.9,1.9,..
"Mortality rate, infant (per 1,000 live births)",SP.DYN.IMRT.IN,France,FRA,4.1,3.9,3.7,3.6,3.4,3.3,3.3,3.2,3.2,3.1,3.1,3.1,3.1,3.1,3.1,3.2,3.3,3.3,3.3,3.3,3.3,3.3,3.3,..
"Mortality rate, infant (per 1,000 live births)",SP.DYN.IMRT.IN,French Polynesia,PYF,..,..,..,..,..,..,..,..,..,..,..,..,..,..,..,..,..,..,..,..,..,..,..,..
"Mortality rate, infant (per 1,000 live births)",SP.DYN.IMRT.IN,Gabon,GAB,53.6,52.5,51.4,50.2,48.9,47.7,46.6,45.1,43.9,43,41.5,40.1,38.8,37.5,36.6,35.4,34.1,33.4,32.4,31.2,29.9,29.5,28.8,..
"Mortality rate, infant (per 1,000 live births)",SP.DYN.IMRT.IN,"Gambia, The",GMB,61.5,59.7,58,56.3,54.6,53,51.4,49.9,48.4,47,45.6,44.3,43.1,41.9,40.7,39.5,38.4,37.4,36.4,35.4,34.5,33.7,32.8,..
"Mortality rate, infant (per 1,000 live births)",SP.DYN.IMRT.IN,Georgia,GEO,31.7,29.7,27.5,25.3,23.1,20.9,18.9,17,15.3,13.9,12.6,11.6,10.8,10.2,9.7,9.3,9.1,8.9,8.8,8.6,8.5,8.4,8.3,..
"Mortality rate, infant (per 1,000 live births)",SP.DYN.IMRT.IN,Germany,DEU,4.4,4.3,4.2,4.1,4,3.9,3.8,3.7,3.6,3.5,3.5,3.4,3.4,3.3,3.3,3.3,3.3,3.2,3.2,3.2,3.1,3.1,3,..
"Mortality rate, infant (per 1,000 live births)",SP.DYN.IMRT.IN,Ghana,GHA,64.5,62.2,60.1,58.2,56.6,55.1,53.8,52.4,50.9,49.2,47.3,45.5,43.8,42.1,40.6,39.2,37.9,36.6,35.5,34.4,33.4,32.5,31.6,..
"Mortality rate, infant (per 1,000 live births)",SP.DYN.IMRT.IN,Gibraltar,GIB,..,..,..,..,..,..,..,..,..,..,..,..,..,..,..,..,..,..,..,..,..,..,..,..
"Mortality rate, infant (per 1,000 live births)",SP.DYN.IMRT.IN,Greece,GRC,5.5,5.1,4.8,4.4,4.1,3.9,3.7,3.5,3.4,3.4,3.3,3.4,3.4,3.5,3.5,3.6,3.6,3.6,3.5,3.5,3.4,3.4,3.3,..
"Mortality rate, infant (per 1,000 live births)",SP.DYN.IMRT.IN,Greenland,GRL,..,..,..,..,..,..,..,..,..,..,..,..,..,..,..,..,..,..,..,..,..,..,..,..
"Mortality rate, infant (per 1,000 live births)",SP.DYN.IMRT.IN,Grenada,GRD,13,12.8,12.7,12.6,12.5,12.4,12.4,12.4,12.4,12.5,12.6,12.7,12.9,13,13.1,13.3,13.5,13.7,13.9,14.1,14.3,14.4,14.4,..
"Mortality rate, infant (per 1,000 live births)",SP.DYN.IMRT.IN,Guam,GUM,..,..,..,..,..,..,..,..,..,..,..,..,..,..,..,..,..,..,..,..,..,..,..,..
"Mortality rate, infant (per 1,000 live births)",SP.DYN.IMRT.IN,Guatemala,GTM,41,39.6,38.2,36.9,35.6,34.4,33.1,32,30.8,29.7,28.6,27.6,26.5,25.6,24.6,23.7,23,22.2,21.5,20.8,20.1,19.4,18.8,..
"Mortality rate, infant (per 1,000 live births)",SP.DYN.IMRT.IN,Guinea,GIN,100.6,97.1,93.6,90.5,87.6,85.1,82.9,81,79.4,78,76.7,75.5,74.3,73.2,72.7,71.7,70.1,69,67.8,66.6,65.2,63.7,62.2,..
"Mortality rate, infant (per 1,000 live births)",SP.DYN.IMRT.IN,Guinea-Bissau,GNB,104.8,102,99,95.9,92.6,89.3,86,82.6,79.2,75.8,72.6,69.5,66.7,64.2,62,60,58.1,56.4,54.7,53.1,51.5,50.1,48.6,..
"Mortality rate, infant (per 1,000 live births)",SP.DYN.IMRT.IN,Guyana,GUY,37.1,36.3,35.5,34.7,34,33.4,32.8,32.2,31.6,31,30.5,30,29.4,28.8,28.1,27.4,26.6,25.9,25.2,24.4,23.7,23,22.3,..
"Mortality rate, infant (per 1,000 live births)",SP.DYN.IMRT.IN,Haiti,HTI,74.2,72,70,68.2,66.5,65,63.6,62.3,61,59.8,81.6,57.4,56.3,55.1,53.9,52.7,51.5,50.2,49.1,47.8,46.4,45.1,44,..
"Mortality rate, infant (per 1,000 live births)",SP.DYN.IMRT.IN,Honduras,HND,30.5,29.3,28.1,27,25.9,24.9,24,23.1,22.3,21.5,20.8,20.1,19.4,18.8,18.1,17.5,16.9,16.3,15.8,15.2,14.7,14.2,13.8,..
"Mortality rate, infant (per 1,000 live births)",SP.DYN.IMRT.IN,"Hong Kong SAR, China",HKG,..,..,..,..,..,..,..,..,..,..,..,..,..,..,..,..,..,..,..,..,..,..,..,..
"Mortality rate, infant (per 1,000 live births)",SP.DYN.IMRT.IN,Hungary,HUN,8.7,8.2,7.6,7.2,6.8,6.4,6.1,5.8,5.5,5.3,5.1,5,4.8,4.7,4.5,4.2,4,3.8,3.6,3.4,3.4,3.3,3.3,..
"Mortality rate, infant (per 1,000 live births)",SP.DYN.IMRT.IN,Iceland,ISL,3.2,3,2.8,2.7,2.6,2.5,2.4,2.3,2.2,2.2,2.1,2.1,2.1,2.1,2,2.1,2.1,2.1,2.1,2.1,2.1,2.1,2,..
"Mortality rate, infant (per 1,000 live births)",SP.DYN.IMRT.IN,India,IND,66.4,64.5,62.6,60.6,58.7,56.8,54.8,52.8,50.8,48.7,46.7,44.6,42.5,40.5,38.5,36.5,34.7,32.9,31.3,29.7,28.1,26.8,25.5,..
"Mortality rate, infant (per 1,000 live births)",SP.DYN.IMRT.IN,Indonesia,IDN,40.9,39.3,37.7,36.2,36.9,33.5,32.3,31,29.9,28.9,27.8,26.8,25.8,24.9,24,23.1,22.3,21.5,20.7,20,19.4,18.7,18.1,..
"Mortality rate, infant (per 1,000 live births)",SP.DYN.IMRT.IN,"Iran, Islamic Rep.",IRN,29.8,28.3,26.8,25.3,23.7,22.3,21,19.7,18.5,17.5,16.5,15.7,15,14.4,13.8,13.3,12.8,12.3,11.9,11.5,11.1,10.7,10.3,..
"Mortality rate, infant (per 1,000 live births)",SP.DYN.IMRT.IN,Iraq,IRQ,35.6,34.9,34.3,33.7,33,32.4,31.7,31,30.2,29.4,28.6,27.8,27,26.2,25.4,24.7,23.9,23.2,22.5,21.8,21.2,20.6,20,..
"Mortality rate, infant (per 1,000 live births)",SP.DYN.IMRT.IN,Ireland,IRL,6,5.8,5.5,5.1,4.7,4.4,4.1,3.9,3.8,3.6,3.5,3.5,3.4,3.3,3.3,3.2,3.1,3,2.9,2.9,2.8,2.8,2.7,..
"Mortality rate, infant (per 1,000 live births)",SP.DYN.IMRT.IN,Isle of Man,IMN,..,..,..,..,..,..,..,..,..,..,..,..,..,..,..,..,..,..,..,..,..,..,..,..
"Mortality rate, infant (per 1,000 live births)",SP.DYN.IMRT.IN,Israel,ISR,5.6,5.4,5.2,4.9,4.7,4.5,4.3,4.1,4,3.8,3.7,3.5,3.4,3.3,3.2,3.2,3.1,3,2.9,2.9,2.8,2.8,2.7,..
"Mortality rate, infant (per 1,000 live births)",SP.DYN.IMRT.IN,Italy,ITA,4.7,4.5,4.3,4.1,3.9,3.8,3.7,3.6,3.5,3.4,3.4,3.3,3.2,3.1,3.1,3,2.9,2.8,2.7,2.6,2.5,2.3,2.2,..
"Mortality rate, infant (per 1,000 live births)",SP.DYN.IMRT.IN,Jamaica,JAM,17.5,17.1,16.8,16.5,16.4,16.4,16.4,16.4,16.4,16.3,16.3,16.3,16.2,16.1,16.1,16,16,16,16.1,16.1,16.2,16.2,16.1,..
"Mortality rate, infant (per 1,000 live births)",SP.DYN.IMRT.IN,Japan,JPN,3.3,3.1,3,2.9,2.8,2.8,2.7,2.6,2.5,2.4,2.3,2.3,2.2,2.1,2.1,2,2,1.9,1.9,1.8,1.8,1.8,1.7,..
"Mortality rate, infant (per 1,000 live births)",SP.DYN.IMRT.IN,Jordan,JOR,22.6,22,21.4,20.9,20.3,19.8,19.3,18.7,18.2,17.7,17.2,16.8,16.3,15.9,15.5,15.1,14.6,14.2,13.8,13.4,13,12.6,12.2,..
"Mortality rate, infant (per 1,000 live births)",SP.DYN.IMRT.IN,Kazakhstan,KAZ,36.6,34.5,32.5,30.7,28.9,27.3,25.6,23.8,21.9,20.1,18.2,16.4,14.6,13,11.6,10.6,9.8,9.4,9.2,9.1,9,8.9,8.7,..
"Mortality rate, infant (per 1,000 live births)",SP.DYN.IMRT.IN,Kenya,KEN,58.2,55.6,52.9,50.2,47.5,44.5,42.2,40.3,38.1,37.4,36.9,36.4,36.5,36,35.2,34.1,33.6,33.4,32.8,32.2,31.8,31,30.5,..
"Mortality rate, infant (per 1,000 live births)",SP.DYN.IMRT.IN,Kiribati,KIR,50.6,49.5,48.5,47.8,47.3,46.9,46.7,46.4,46,45.6,45.3,45,44.9,45,45.3,45.7,46.1,46.3,46.4,46.1,45.5,44.8,43.9,..
"Mortality rate, infant (per 1,000 live births)",SP.DYN.IMRT.IN,"Korea, Dem. People's Rep.",PRK,60.1,59.2,58,26.9,26.2,25.6,25.2,25.2,24.7,24.1,23.1,21.8,20.3,19,17.8,16.8,16.2,15.3,14.6,13.9,13.3,12.7,13.6,..
"Mortality rate, infant (per 1,000 live births)",SP.DYN.IMRT.IN,"Korea, Rep.",KOR,6.5,6.1,5.8,5.5,5.1,4.8,4.4,4.1,3.9,3.7,3.5,3.4,3.3,3.2,3.1,3,2.9,2.8,2.8,2.7,2.6,2.5,2.4,..
"Mortality rate, infant (per 1,000 live births)",SP.DYN.IMRT.IN,Kosovo,XKX,42.6,39,35.7,32.6,29.8,27.2,25,23,21.2,19.5,18.1,16.8,15.7,14.7,13.8,13,12.2,11.4,10.8,10.1,9.6,9.1,8.7,..
"Mortality rate, infant (per 1,000 live births)",SP.DYN.IMRT.IN,Kuwait,KWT,11,10.8,10.6,10.5,10.3,10.1,10,9.8,9.7,9.5,9.2,8.9,8.5,8.2,8,7.8,7.7,7.6,7.6,7.5,7.5,7.5,7.4,..
"Mortality rate, infant (per 1,000 live births)",SP.DYN.IMRT.IN,Kyrgyz Republic,KGZ,42,40.1,38.4,36.8,35.4,34.1,32.8,31.3,29.7,27.9,26.1,24.4,23.1,22,20.9,19.8,18.8,17.8,17,16.3,15.9,15.6,15.4,..
"Mortality rate, infant (per 1,000 live births)",SP.DYN.IMRT.IN,Lao PDR,LAO,76.2,73.6,71,68.4,65.8,63.3,60.7,58.3,55.9,53.6,51.4,49.2,47.2,45.3,43.4,41.7,40,38.6,37.2,36,34.8,33.7,32.7,..
"Mortality rate, infant (per 1,000 live births)",SP.DYN.IMRT.IN,Latvia,LVA,11.5,10.8,10.3,9.7,9.1,8.6,8.1,7.7,7.3,6.9,6.5,6,5.5,5.1,4.7,4.3,4,3.8,3.6,3.4,3.2,3,2.8,..
"Mortality rate, infant (per 1,000 live births)",SP.DYN.IMRT.IN,Lebanon,LBN,17,16.1,15.3,14.4,13.7,12.9,12.3,11.8,11.4,11.1,10.8,10.7,10.6,10.6,10.7,10.9,11.2,11.6,12,12.6,13.3,14.1,14.9,..
"Mortality rate, infant (per 1,000 live births)",SP.DYN.IMRT.IN,Lesotho,LSO,70.9,70.9,71.1,71.4,72.1,72.8,72.5,70.6,73,69.1,65.9,63.2,63.5,63.9,63.1,62.9,63,62.4,61.4,60.7,59.2,57.7,56.4,..
"Mortality rate, infant (per 1,000 live births)",SP.DYN.IMRT.IN,Liberia,LBR,127.7,119.5,111.8,104.2,97,90.6,85.2,80.8,77.1,74.1,71.7,69.8,68.1,66.7,67.6,64.5,63.1,62,60.7,59.3,57.8,56.4,54.9,..
"Mortality rate, infant (per 1,000 live births)",SP.DYN.IMRT.IN,Libya,LBY,24.1,23.4,22.7,21.9,21,19.8,18.6,17.3,16.1,15,14.2,15,12.9,12.3,11.8,11.4,10.9,10.5,10.2,9.8,9.5,9.2,8.9,..
"Mortality rate, infant (per 1,000 live births)",SP.DYN.IMRT.IN,Liechtenstein,LIE,..,..,..,..,..,..,..,..,..,..,..,..,..,..,..,..,..,..,..,..,..,..,..,..
"Mortality rate, infant (per 1,000 live births)",SP.DYN.IMRT.IN,Lithuania,LTU,8.6,8.2,7.9,7.6,7.5,7.3,6.9,6.4,5.9,5.4,4.9,4.5,4.2,4,4,4,3.8,3.5,3.2,3,2.9,2.9,2.9,..
"Mortality rate, infant (per 1,000 live births)",SP.DYN.IMRT.IN,Luxembourg,LUX,3.8,3.5,3.3,3.1,2.9,2.8,2.7,2.5,2.5,2.4,2.3,2.3,2.3,2.2,2.2,2.2,2.2,2.2,2.3,2.3,2.3,2.2,2.2,..
"Mortality rate, infant (per 1,000 live births)",SP.DYN.IMRT.IN,"Macao SAR, China",MAC,..,..,..,..,..,..,..,..,..,..,..,..,..,..,..,..,..,..,..,..,..,..,..,..
"Mortality rate, infant (per 1,000 live births)",SP.DYN.IMRT.IN,North Macedonia,MKD,14.2,13.5,13,12.7,12.5,12.2,11.7,11.1,10.3,9.6,9.1,9,9.1,9.5,9.9,9.9,9.4,8.4,7.2,6.2,5.3,4.6,4.1,..
"Mortality rate, infant (per 1,000 live births)",SP.DYN.IMRT.IN,Madagascar,MDG,67.2,64.6,62.2,59.9,57.7,55.6,53.7,52,50.4,49,47.8,46.9,46.2,45.7,45.4,45.2,45.1,45.1,45.2,45.3,45.4,45.4,45.1,..
"Mortality rate, infant (per 1,000 live births)",SP.DYN.IMRT.IN,Malawi,MWI,99.6,92.4,84.5,76.7,70,64.9,61.5,59.3,56.2,54,52,48.4,45.6,42.7,40.3,38.5,36.8,35.3,34.1,32.9,31.8,30.9,30.1,..
"Mortality rate, infant (per 1,000 live births)",SP.DYN.IMRT.IN,Malaysia,MYS,8.7,8.1,7.6,7.3,7.1,7,7,7,7,7,6.9,6.9,6.9,6.9,6.9,7,7,7,6.9,6.9,6.8,6.8,6.7,..
"Mortality rate, infant (per 1,000 live births)",SP.DYN.IMRT.IN,Maldives,MDV,31.8,28.7,25.6,22.9,21.5,18.4,16.6,15.1,13.9,12.8,11.9,11.2,10.4,9.7,9,8.4,7.7,7.1,6.5,6,5.5,5.1,4.8,..
"Mortality rate, infant (per 1,000 live births)",SP.DYN.IMRT.IN,Mali,MLI,101.6,99,96.3,93.6,91.1,88.7,86.4,84.2,82.1,80.1,78.3,76.5,74.8,73.1,71.6,70,68.5,67.1,65.7,64.2,62.9,61.4,60.1,..
"Mortality rate, infant (per 1,000 live births)",SP.DYN.IMRT.IN,Malta,MLT,6.7,6.5,6.3,6.2,6.1,6.1,6,6,6,6,6,6,5.9,5.9,5.8,5.7,5.7,5.6,5.4,5.3,5.2,5,4.9,..
"Mortality rate, infant (per 1,000 live births)",SP.DYN.IMRT.IN,Marshall Islands,MHL,34.1,34.1,34,33.8,33.5,33.3,33,32.7,32.5,32.2,31.8,31.5,31,30.5,29.8,29.1,28.5,27.8,27.1,26.3,25.5,24.7,24,..
"Mortality rate, infant (per 1,000 live births)",SP.DYN.IMRT.IN,Mauritania,MRT,62.5,60.3,57.7,55,52.4,49.8,47.5,45.5,43.9,42.5,41.5,40.5,39.7,38.9,38.1,37.3,36.4,35.6,34.7,33.9,33,32.2,31.4,..
"Mortality rate, infant (per 1,000 live births)",SP.DYN.IMRT.IN,Mauritius,MUS,16.5,15.4,14.6,14.1,13.8,13.7,13.5,13.4,13.1,12.8,12.8,12.9,13.1,13.1,13,12.9,13,13.3,13.7,14,14.1,13.9,13.4,..
"Mortality rate, infant (per 1,000 live births)",SP.DYN.IMRT.IN,Mexico,MEX,23.6,22.6,21.7,20.9,20.1,19.4,18.7,18.1,17.5,16.9,16.4,15.9,15.4,14.9,14.4,14,13.5,13.1,12.7,12.2,11.8,11.4,11,..
"Mortality rate, infant (per 1,000 live births)",SP.DYN.IMRT.IN,"Micronesia, Fed. Sts.",FSM,31.6,30.9,32.1,30,29.8,29.7,29.7,29.7,29.5,29.1,28.6,28,27.4,26.7,26,25.3,24.6,23.9,23.1,22.5,21.7,21.1,20.5,..
"Mortality rate, infant (per 1,000 live births)",SP.DYN.IMRT.IN,Moldova,MDA,26.1,23.9,21.8,19.8,18.3,17.1,16.3,15.7,15.2,14.9,14.6,14.4,14.2,13.9,13.7,13.4,13.2,13,12.8,12.7,12.5,12.3,12.2,..
"Mortality rate, infant (per 1,000 live births)",SP.DYN.IMRT.IN,Monaco,MCO,4.2,4.1,3.9,3.8,3.7,3.7,3.6,3.5,3.4,3.3,3.3,3.2,3.1,3,3,2.9,2.8,2.7,2.6,2.5,2.5,2.4,2.3,..
"Mortality rate, infant (per 1,000 live births)",SP.DYN.IMRT.IN,Mongolia,MNG,48.4,45.1,41.8,38.7,35.7,33,30.4,28,25.9,23.9,22.1,20.6,19.4,18.3,17.5,16.6,15.8,15,14.2,13.4,12.7,12.1,11.5,..
"Mortality rate, infant (per 1,000 live births)",SP.DYN.IMRT.IN,Montenegro,MNE,12.6,12.1,11.5,10.8,10,9.3,8.5,7.7,7,6.3,5.7,5.2,4.7,4.2,3.9,3.5,3.3,3.1,2.9,2.7,2.5,2.4,2.3,..
"Mortality rate, infant (per 1,000 live births)",SP.DYN.IMRT.IN,Morocco,MAR,44,42.3,40.6,38.9,37.2,35.4,33.6,31.8,30.1,28.4,26.8,25.3,23.9,22.5,21.3,20.1,19.1,18.2,17.4,16.7,16,15.4,14.8,..
"Mortality rate, infant (per 1,000 live births)",SP.DYN.IMRT.IN,Mozambique,MOZ,112.9,106.6,100.9,95.7,91.1,86.8,82.9,77.5,74.8,71.5,71,67.5,65,62.8,61.3,59.6,57.9,55.7,54.2,52.6,51.4,50,48.7,..
"Mortality rate, infant (per 1,000 live births)",SP.DYN.IMRT.IN,Myanmar,MMR,65,63.5,62,60.4,58.8,57.2,55.5,53.7,64.2,50.2,48.5,46.7,45,43.3,41.8,40.4,39.1,37.9,36.7,35.6,34.5,33.5,32.5,..
"Mortality rate, infant (per 1,000 live births)",SP.DYN.IMRT.IN,Namibia,NAM,45.3,44.4,43.6,43.1,42.4,39.2,37.4,37.8,37.8,38.8,36.9,37.1,38.2,35.9,33.4,33.1,32.5,31.7,31.2,30.5,29.9,29.3,28.6,..
"Mortality rate, infant (per 1,000 live births)",SP.DYN.IMRT.IN,Nauru,NRU,34.3,33.3,32.5,31.9,31.5,31.3,31.1,31.1,31.1,30.9,30.6,30.1,29.5,28.8,28.1,27.4,26.7,25.9,25.1,24.4,23.7,22.9,22.3,..
"Mortality rate, infant (per 1,000 live births)",SP.DYN.IMRT.IN,Nepal,NPL,58.5,55.7,53.1,50.7,48.5,46.5,44.6,42.9,41.2,39.7,38.2,36.7,35.2,33.8,32.4,31,29.7,28.4,27.2,26,24.9,23.9,23,..
"Mortality rate, infant (per 1,000 live births)",SP.DYN.IMRT.IN,Netherlands,NLD,5.1,5,4.9,4.8,4.6,4.4,4.3,4.1,4,3.8,3.7,3.6,3.6,3.5,3.5,3.5,3.5,3.5,3.5,3.4,3.4,3.4,3.4,..
"Mortality rate, infant (per 1,000 live births)",SP.DYN.IMRT.IN,New Caledonia,NCL,..,..,..,..,..,..,..,..,..,..,..,..,..,..,..,..,..,..,..,..,..,..,..,..
"Mortality rate, infant (per 1,000 live births)",SP.DYN.IMRT.IN,New Zealand,NZL,6.1,5.9,5.8,5.7,5.6,5.5,5.4,5.3,5.3,5.2,5.2,5.1,5,4.8,4.7,4.6,4.4,4.3,4.2,4.1,4,3.9,3.9,..
"Mortality rate, infant (per 1,000 live births)",SP.DYN.IMRT.IN,Nicaragua,NIC,31.2,29.7,28.3,27,25.8,24.7,23.6,22.6,21.6,20.8,20,19.2,18.5,17.8,17.1,16.5,16,15.4,14.9,14.4,14,13.5,13.1,..
"Mortality rate, infant (per 1,000 live births)",SP.DYN.IMRT.IN,Niger,NER,98.2,94.8,90.9,87,83,79.2,75.8,72.9,70.5,68.5,67,65.9,65,64.4,63.9,63.5,63.1,62.7,62.3,62,61.6,61,60.3,..
"Mortality rate, infant (per 1,000 live births)",SP.DYN.IMRT.IN,Nigeria,NGA,109.6,106.6,103.6,100.6,97.6,94.7,92.1,89.6,87.5,85.7,84.2,82.9,81.8,80.8,80,79.2,78.2,77,75.7,74,72.3,70.5,68.5,..
"Mortality rate, infant (per 1,000 live births)",SP.DYN.IMRT.IN,Northern Mariana Islands,MNP,..,..,..,..,..,..,..,..,..,..,..,..,..,..,..,..,..,..,..,..,..,..,..,..
"Mortality rate, infant (per 1,000 live births)",SP.DYN.IMRT.IN,Norway,NOR,3.9,3.8,3.7,3.6,3.4,3.3,3.2,3,2.9,2.8,2.7,2.5,2.4,2.4,2.3,2.2,2.1,2.1,2,1.9,1.9,1.8,1.8,..
"Mortality rate, infant (per 1,000 live births)",SP.DYN.IMRT.IN,Oman,OMN,14.1,13.2,12.5,11.9,11.4,11,10.7,10.5,10.3,10.2,10.1,10,9.8,9.7,9.7,9.6,9.5,9.5,9.4,9.3,9.2,9.1,9,..
"Mortality rate, infant (per 1,000 live births)",SP.DYN.IMRT.IN,Pakistan,PAK,84.8,82.9,81.1,79.5,78.1,76.8,75.5,74.3,73,71.6,70.2,68.7,67.1,65.5,63.8,62.2,60.5,58.9,57.3,55.7,54.1,52.5,51,..
"Mortality rate, infant (per 1,000 live births)",SP.DYN.IMRT.IN,Palau,PLW,25.4,24.6,23.8,23.1,22.3,21.6,20.9,20.3,19.8,19.4,19.3,19.3,19.5,19.8,20.3,21,21.7,22.3,22.7,22.9,22.8,22.5,22.1,..
"Mortality rate, infant (per 1,000 live births)",SP.DYN.IMRT.IN,Panama,PAN,21.6,21,20.3,19.7,19.1,18.4,17.8,17.2,16.7,16.2,15.8,15.5,15.2,15,14.9,14.8,14.7,14.5,14.2,13.6,12.9,12.2,11.4,..
"Mortality rate, infant (per 1,000 live births)",SP.DYN.IMRT.IN,Papua New Guinea,PNG,53.9,53.2,52.4,51.6,50.8,49.9,49.1,48.1,47.2,46.2,45.3,44.3,43.4,42.4,41.5,40.6,39.5,38.4,37.4,36.4,35.4,34.5,33.4,..
"Mortality rate, infant (per 1,000 live births)",SP.DYN.IMRT.IN,Paraguay,PRY,27.9,27.3,26.7,26.1,25.5,24.9,24.3,23.7,23,22.4,21.8,21.2,20.6,20,19.4,18.8,18.3,17.7,17.2,16.6,16,15.5,15,..
"Mortality rate, infant (per 1,000 live births)",SP.DYN.IMRT.IN,Peru,PER,29.1,26.9,25,23.3,21.8,20.5,19.3,18.2,17.2,16.4,15.6,15,14.4,13.9,13.5,13.2,13,12.8,12.6,12.4,12.2,12,11.7,..
"Mortality rate, infant (per 1,000 live births)",SP.DYN.IMRT.IN,Philippines,PHL,28.2,27.7,27.1,26.6,26.1,25.6,25.1,24.6,24.1,23.7,23.3,23,22.7,22.4,22.2,22.1,22.1,22.1,22.1,22.2,22.2,22.1,21.8,..
"Mortality rate, infant (per 1,000 live births)",SP.DYN.IMRT.IN,Poland,POL,8.1,7.6,7.3,7,6.8,6.5,6.3,6,5.8,5.5,5.1,4.9,4.7,4.5,4.3,4.2,4.1,4,3.9,3.8,3.8,3.8,3.8,..
"Mortality rate, infant (per 1,000 live births)",SP.DYN.IMRT.IN,Portugal,PRT,5.5,5.1,4.7,4.3,3.9,3.7,3.4,3.3,3.2,3.1,3.1,3,3,3,3,3,3,2.9,2.9,2.8,2.7,2.7,2.6,..
"Mortality rate, infant (per 1,000 live births)",SP.DYN.IMRT.IN,Puerto Rico,PRI,..,..,..,..,..,..,..,..,..,..,..,..,..,..,..,..,..,..,..,..,..,..,..,..
"Mortality rate, infant (per 1,000 live births)",SP.DYN.IMRT.IN,Qatar,QAT,10.7,10.3,10,9.6,9.3,9,8.7,8.4,8.2,8,7.8,7.6,7.4,7.2,6.9,6.6,6.3,6,5.6,5.3,5,4.7,4.5,..
"Mortality rate, infant (per 1,000 live births)",SP.DYN.IMRT.IN,Romania,ROU,18,17.3,17.1,17,16.4,15.5,14.2,13,11.9,11.1,10.5,10,9.5,8.9,8.3,7.7,7.1,6.5,6,5.6,5.4,5.3,5.5,..
"Mortality rate, infant (per 1,000 live births)",SP.DYN.IMRT.IN,Russian Federation,RUS,15.5,14.8,13.9,13,12,11.1,10.3,9.6,9,8.6,8.4,8.2,7.9,7.6,7.2,6.6,6.1,5.5,5.1,4.7,4.4,4.1,3.8,..
"Mortality rate, infant (per 1,000 live births)",SP.DYN.IMRT.IN,Rwanda,RWA,109.4,99.9,90.3,81.4,72.9,65.7,59.6,54.5,50.3,47.1,44.1,40.7,38.9,37.2,35.8,34.7,33.8,33,32.1,31.2,30.3,29.5,28.8,..
"Mortality rate, infant (per 1,000 live births)",SP.DYN.IMRT.IN,Samoa,WSM,18.1,17.5,17.1,16.8,16.6,16.5,16.4,16.5,16.5,18.7,16.5,16.5,16.3,16.2,16,15.9,15.7,15.6,15.3,15.9,14.7,14.3,13.9,..
"Mortality rate, infant (per 1,000 live births)",SP.DYN.IMRT.IN,San Marino,SMR,4.9,4.5,4.2,3.9,3.6,3.3,3.1,2.9,2.7,2.6,2.4,2.3,2.1,2,1.9,1.8,1.7,1.6,1.5,1.5,1.4,1.4,1.3,..
"Mortality rate, infant (per 1,000 live births)",SP.DYN.IMRT.IN,Sao Tome and Principe,STP,54.3,51.2,48,45,42.1,39.3,36.7,34.3,32,29.8,27.7,25.7,23.8,21.9,20.1,18.4,16.8,15.4,14.3,13.3,12.6,11.9,11.3,..
"Mortality rate, infant (per 1,000 live births)",SP.DYN.IMRT.IN,Saudi Arabia,SAU,18.8,17.8,16.8,15.9,15,14.2,13.4,12.6,11.9,11.2,10.5,9.9,9.3,8.8,8.2,7.8,7.3,6.9,6.6,6.2,6,5.7,5.5,..
"Mortality rate, infant (per 1,000 live births)",SP.DYN.IMRT.IN,Senegal,SEN,67.7,65.2,62.2,59.1,56.1,53.1,50.5,48.2,46.1,44.3,42.6,41.1,39.6,38.2,36.9,35.5,34.2,33,31.9,30.9,29.9,29,28.2,..
"Mortality rate, infant (per 1,000 live births)",SP.DYN.IMRT.IN,Serbia,SRB,11,10.5,9.9,9.1,8.4,7.7,7.3,7,6.9,6.7,6.6,6.4,6.2,5.9,5.7,5.4,5.2,5.1,5,4.9,4.8,4.6,4.4,..
"Mortality rate, infant (per 1,000 live births)",SP.DYN.IMRT.IN,Seychelles,SYC,11.9,11.8,11.8,11.8,11.9,11.9,11.9,12,12,12.1,12.1,12.2,12.3,12.4,12.5,12.5,12.6,12.7,12.7,12.8,12.8,12.7,12.5,..
"Mortality rate, infant (per 1,000 live births)",SP.DYN.IMRT.IN,Sierra Leone,SLE,138.3,135.8,133.1,130.3,127.4,124.3,121.1,117.8,114.3,110.8,107.3,104,100.8,97.9,95.8,95.3,89.9,87.4,85,82.6,80.3,78.1,76,..
"Mortality rate, infant (per 1,000 live births)",SP.DYN.IMRT.IN,Singapore,SGP,3,2.8,2.7,2.5,2.4,2.3,2.3,2.3,2.2,2.2,2.2,2.2,2.2,2.2,2.2,2.2,2.2,2.1,2.1,2,1.9,1.9,1.8,..
"Mortality rate, infant (per 1,000 live births)",SP.DYN.IMRT.IN,Sint Maarten (Dutch part),SXM,..,..,..,..,..,..,..,..,..,..,..,..,..,..,..,..,..,..,..,..,..,..,..,..
"Mortality rate, infant (per 1,000 live births)",SP.DYN.IMRT.IN,Slovak Republic,SVK,8.1,7.8,7.6,7.4,7.2,6.9,6.7,6.4,6.1,5.9,5.7,5.6,5.4,5.3,5.3,5.2,5.1,5,5,4.9,4.9,4.9,4.9,..
"Mortality rate, infant (per 1,000 live births)",SP.DYN.IMRT.IN,Slovenia,SVN,4.5,4.3,4.1,3.9,3.7,3.5,3.3,3.1,2.9,2.8,2.6,2.5,2.4,2.3,2.2,2.1,2.1,2,2,2,1.9,1.9,1.9,..
"Mortality rate, infant (per 1,000 live births)",SP.DYN.IMRT.IN,Solomon Islands,SLB,25.6,25.4,25.2,24.9,24.7,24.5,24.2,23.8,23.3,22.8,22.3,21.7,21.1,20.6,20,19.4,18.9,18.3,17.7,17.2,16.7,16.2,15.7,..
"Mortality rate, infant (per 1,000 live births)",SP.DYN.IMRT.IN,Somalia,SOM,104,104,104,104,104,103.9,103.6,102.6,100.8,98.2,95.5,92.9,90.2,87.5,85.1,82.7,80.5,78.1,75.9,73.8,71.7,69.8,68,..
"Mortality rate, infant (per 1,000 live births)",SP.DYN.IMRT.IN,South Africa,ZAF,49,49.4,49.8,49.7,49.6,49.9,49.1,47.5,44,40,35.7,33.4,32,31.1,30.4,29.8,29.4,28.9,28.5,28.2,28.1,27.8,27.7,..
"Mortality rate, infant (per 1,000 live births)",SP.DYN.IMRT.IN,South Sudan,SSD,109.2,104.4,99.8,95.4,91.1,87,83.1,79.5,76,72.8,69.7,66.9,65,64.1,63.8,63.8,63.8,63.8,63.8,63.8,63.8,63.8,63.8,..
"Mortality rate, infant (per 1,000 live births)",SP.DYN.IMRT.IN,Spain,ESP,4.4,4.2,4.1,4.1,3.9,3.8,3.7,3.6,3.4,3.3,3.2,3,2.9,2.9,2.8,2.8,2.7,2.7,2.7,2.7,2.6,2.6,2.5,..
"Mortality rate, infant (per 1,000 live births)",SP.DYN.IMRT.IN,Sri Lanka,LKA,14.4,13.8,13.4,13,17.6,12.1,11.5,10.8,10.3,13.6,9.6,9.3,8.9,8.4,8,7.5,7.1,6.8,6.5,6.2,6,5.7,5.6,..
"Mortality rate, infant (per 1,000 live births)",SP.DYN.IMRT.IN,St. Kitts and Nevis,KNA,20.1,19.2,18.3,17.6,16.9,16.4,16,15.7,15.6,15.5,15.5,15.6,15.7,15.8,15.8,15.7,15.5,15.2,14.8,14.5,14.1,13.7,13.3,..
"Mortality rate, infant (per 1,000 live births)",SP.DYN.IMRT.IN,St. Lucia,LCA,15.8,15.8,15.8,15.9,15.9,16,16,16,16.1,16.1,16.2,16.2,16.2,16.2,16.2,16.2,16.2,16.2,16.2,16.2,16.2,16.1,16,..
"Mortality rate, infant (per 1,000 live births)",SP.DYN.IMRT.IN,St. Martin (French part),MAF,..,..,..,..,..,..,..,..,..,..,..,..,..,..,..,..,..,..,..,..,..,..,..,..
"Mortality rate, infant (per 1,000 live births)",SP.DYN.IMRT.IN,St. Vincent and the Grenadines,VCT,19.5,19.5,19.6,19.6,19.7,19.8,19.9,19.9,19.7,19.4,18.9,18.3,17.6,16.8,16,15.1,14.2,13.4,12.6,11.8,11.2,10.6,10.1,..
"Mortality rate, infant (per 1,000 live births)",SP.DYN.IMRT.IN,Sudan,SDN,66.4,64.5,62.5,60.7,58.9,57.1,55.5,54,52.6,51.3,50,48.9,47.7,46.7,45.6,44.5,43.4,42.3,41.3,40.2,39.2,38.1,37,..
"Mortality rate, infant (per 1,000 live births)",SP.DYN.IMRT.IN,Suriname,SUR,27.4,26.5,25.7,24.9,24.2,23.5,22.9,22.2,21.7,21.1,20.6,20.1,19.6,19.2,18.7,18.3,17.8,17.3,16.8,16.3,15.8,15.4,14.8,..
"Mortality rate, infant (per 1,000 live births)",SP.DYN.IMRT.IN,Eswatini,SWZ,69,70.2,70.9,71.6,71,70.7,61.7,62.5,64.5,61.4,58.4,54.4,53.5,52.3,52.9,49.5,47.3,48.2,44.5,43,43.4,40.8,39.7,..
"Mortality rate, infant (per 1,000 live births)",SP.DYN.IMRT.IN,Sweden,SWE,3.4,3.4,3.3,3.2,3.1,3,2.8,2.7,2.6,2.6,2.5,2.5,2.4,2.4,2.4,2.3,2.3,2.3,2.2,2.2,2.1,2.1,2,..
"Mortality rate, infant (per 1,000 live births)",SP.DYN.IMRT.IN,Switzerland,CHE,4.7,4.6,4.5,4.5,4.4,4.3,4.2,4.1,4,4,3.9,3.9,3.8,3.8,3.7,3.7,3.7,3.6,3.6,3.5,3.5,3.5,3.5,..
"Mortality rate, infant (per 1,000 live births)",SP.DYN.IMRT.IN,Syrian Arab Republic,SYR,19.6,18.9,18.3,17.7,17.3,16.9,16.6,16.4,16.3,16.3,16.3,18.3,26.3,28.3,27.2,26.7,23.2,24.4,25.7,20.4,18.6,18.1,17.8,..
"Mortality rate, infant (per 1,000 live births)",SP.DYN.IMRT.IN,Tajikistan,TJK,67.4,62.8,58.4,54.2,50.5,47.1,44.2,41.8,39.8,38.2,37,35.9,35,34.3,33.5,32.7,31.9,31.1,30.2,29.4,28.5,27.6,26.7,..
"Mortality rate, infant (per 1,000 live births)",SP.DYN.IMRT.IN,Tanzania,TZA,78.1,73.7,69.2,65.1,61.3,57.7,54.9,51.8,49.6,47.3,45.5,43.8,42.4,41.2,40.1,39.1,37.7,36.1,34.5,33.3,32.1,31.1,30,..
"Mortality rate, infant (per 1,000 live births)",SP.DYN.IMRT.IN,Thailand,THA,18.2,17.2,16.3,15.5,14.7,13.9,13.2,12.5,11.8,11.3,10.8,10.3,9.9,9.5,9.2,8.9,8.6,8.3,8,7.7,7.4,7.2,7,..
"Mortality rate, infant (per 1,000 live births)",SP.DYN.IMRT.IN,Timor-Leste,TLS,87.3,83.7,80.2,76.8,73.6,70.6,67.7,65.1,62.7,60.6,58.8,57.1,55.6,54.2,52.8,51.5,50,48.6,47.2,45.7,44.3,42.9,41.5,..
"Mortality rate, infant (per 1,000 live births)",SP.DYN.IMRT.IN,Togo,TGO,75.6,73.6,71.7,69.8,68,66.2,64.6,62.9,61.3,59.8,58.2,56.7,55.2,53.7,52.2,50.8,49.4,48.1,46.8,45.6,44.4,43.2,42.1,..
"Mortality rate, infant (per 1,000 live births)",SP.DYN.IMRT.IN,Tonga,TON,14.5,14.1,13.7,13.4,13,12.7,12.3,12.1,11.8,11.5,11.3,11.2,11,10.9,10.8,10.7,10.6,10.5,10.3,10.1,9.9,9.6,9.4,..
"Mortality rate, infant (per 1,000 live births)",SP.DYN.IMRT.IN,Trinidad and Tobago,TTO,24.5,24.4,24.2,23.8,23.4,22.8,22.3,21.7,21.1,20.5,19.9,19.3,18.8,18.2,17.7,17.2,16.7,16.2,15.7,15.2,14.7,14.2,13.8,..
"Mortality rate, infant (per 1,000 live births)",SP.DYN.IMRT.IN,Tunisia,TUN,24.5,23,21.6,20.4,19.4,18.5,17.8,17.2,16.7,16.4,16.1,16,15.8,15.6,15.4,15.1,14.7,14,13.3,12.4,11.5,10.6,9.9,..
"Mortality rate, infant (per 1,000 live births)",SP.DYN.IMRT.IN,Turkiye,TUR,30.7,28.7,26.8,25,23.3,21.7,20.2,18.9,17.6,16.4,15.4,14.4,13.6,12.8,12.1,11.5,10.9,10.4,9.9,9.4,9,8.6,8.3,..
"Mortality rate, infant (per 1,000 live births)",SP.DYN.IMRT.IN,Turkmenistan,TKM,57.1,54.4,51.6,49,46.5,44.2,42.1,40.4,39.1,38,37.2,36.7,36.4,36.3,36.5,36.7,37,37.3,37.3,37,36.4,35.8,35,..
"Mortality rate, infant (per 1,000 live births)",SP.DYN.IMRT.IN,Turks and Caicos Islands,TCA,7.5,7.1,6.8,6.5,6.2,6,5.8,5.6,5.5,5.3,5.2,5.1,5,5,4.9,4.8,4.7,4.6,4.5,4.4,4.3,4.2,4.1,..
"Mortality rate, infant (per 1,000 live births)",SP.DYN.IMRT.IN,Tuvalu,TUV,34.2,33.5,32.9,32.3,31.6,30.9,30.1,29.1,28.1,27,26,25.1,24.2,23.4,22.6,21.9,21.2,20.5,19.8,19.1,18.5,17.9,17.4,..
"Mortality rate, infant (per 1,000 live births)",SP.DYN.IMRT.IN,Uganda,UGA,87,83.3,79.1,74.7,70.1,65.8,61.8,58.2,54.8,52.3,49.6,47,44.4,42.6,40.9,39.2,37.5,35.9,34.3,33.2,32.1,31.1,30.2,..
"Mortality rate, infant (per 1,000 live births)",SP.DYN.IMRT.IN,Ukraine,UKR,15.8,15.1,14.3,13.7,13,12.5,12,11.6,11.1,10.6,10.1,9.6,9.1,8.7,8.4,8.1,7.8,7.6,7.4,7.3,7.1,7,7,..
"Mortality rate, infant (per 1,000 live births)",SP.DYN.IMRT.IN,United Arab Emirates,ARE,8.4,8.2,8.1,8,7.8,7.7,7.5,7.4,7.3,7.1,7,6.8,6.7,6.5,6.3,6.1,5.9,5.6,5.3,5,4.8,4.5,4.3,..
"Mortality rate, infant (per 1,000 live births)",SP.DYN.IMRT.IN,United Kingdom,GBR,5.6,5.5,5.4,5.3,5.2,5.1,5,4.9,4.8,4.6,4.4,4.3,4.1,4,3.9,3.9,3.8,3.8,3.8,3.8,3.7,3.6,3.6,..
"Mortality rate, infant (per 1,000 live births)",SP.DYN.IMRT.IN,United States,USA,7.1,7,6.9,6.9,6.8,6.7,6.7,6.6,6.5,6.4,6.2,6.1,6,5.9,5.9,5.8,5.7,5.6,5.6,5.5,5.5,5.4,5.4,..
"Mortality rate, infant (per 1,000 live births)",SP.DYN.IMRT.IN,Uruguay,URY,14.7,14.3,14,13.6,13.1,12.4,11.7,10.9,10.2,9.7,9.2,8.9,8.6,8.3,7.9,7.6,7.2,6.8,6.5,6.2,6,5.8,5.6,..
"Mortality rate, infant (per 1,000 live births)",SP.DYN.IMRT.IN,Uzbekistan,UZB,51.4,49.4,47.1,44.7,42.1,39.4,36.7,34.1,31.5,29,26.7,24.5,22.5,20.7,19.1,17.7,16.5,15.5,14.6,13.9,13.2,12.5,11.9,..
"Mortality rate, infant (per 1,000 live births)",SP.DYN.IMRT.IN,Vanuatu,VUT,24.2,23.9,23.6,23.4,23.1,22.8,22.5,22,21.4,20.8,20.1,19.5,19,18.5,18.2,17.9,17.7,17.5,17.1,16.8,16.4,16,15.6,..
"Mortality rate, infant (per 1,000 live births)",SP.DYN.IMRT.IN,"Venezuela, RB",VEN,18.3,17.8,17.4,16.9,16.4,15.9,15.4,15,14.7,14.7,14.7,14.8,15,15.3,15.6,16.6,21.2,21.2,21.2,21.2,21.2,21.2,21.2,..
"Mortality rate, infant (per 1,000 live births)",SP.DYN.IMRT.IN,Viet Nam,VNM,23.6,22.7,21.8,21.1,20.5,20,19.5,19.2,18.9,18.7,18.4,18.2,18,17.8,17.7,17.5,17.3,17.2,17,16.8,16.7,16.5,16.2,..
"Mortality rate, infant (per 1,000 live births)",SP.DYN.IMRT.IN,Virgin Islands (U.S.),VIR,..,..,..,..,..,..,..,..,..,..,..,..,..,..,..,..,..,..,..,..,..,..,..,..
"Mortality rate, infant (per 1,000 live births)",SP.DYN.IMRT.IN,West Bank and Gaza,PSE,25.3,24.6,23.9,23.3,22.6,22,21.3,20.7,20.1,19.4,18.8,18.2,17.5,16.9,17.2,15.8,15.2,14.7,14.1,13.7,13.2,12.7,12.3,..
"Mortality rate, infant (per 1,000 live births)",SP.DYN.IMRT.IN,"Yemen, Rep.",YEM,67.8,64.8,61.8,58.8,56,53.4,50.9,48.6,46.5,44.7,43,41.6,40.5,39.3,38.4,38.4,37.5,36.8,36.6,35.9,34.5,34.7,33.1,..
"Mortality rate, infant (per 1,000 live births)",SP.DYN.IMRT.IN,Zambia,ZMB,90.8,85.9,80.1,74.2,68,62.5,58.8,57,54.6,52.8,51.1,50.1,49.1,47.9,47,47.1,45.4,44,43.4,42.2,40.9,39.9,39,..
"Mortality rate, infant (per 1,000 live births)",SP.DYN.IMRT.IN,Zimbabwe,ZWE,51.2,50.7,50.5,50.5,51.6,52.7,54.8,55.9,55.6,54.7,52.5,51.1,46.8,45,43,41.9,40.4,39.2,37.8,36.9,36.4,35.5,34.6,..

